ID,PROJECT_NAME,POINT_TYPE,POINT_ORDER,LATITUDE,LONGITUDE,PROJECT_SECTOR,DEVELOPERS,DISTRICT,APPROVED_MONTH,,,,,,
1,"Exporation of Gold at  Matapila area, T/A Mazengera in Lilongwe district",Boundary,1,-13.9988684,33.9196963,Mining,Foodworths Limited,Lilongwe,June,,,,,,
1,"Exporation of Gold at  Matapila area, T/A Mazengera in Lilongwe district",Boundary,2,-14.0056129,33.9197139,Mining,Foodworths Limited,Lilongwe,June,,,,,,
1,"Exporation of Gold at  Matapila area, T/A Mazengera in Lilongwe district",Boundary,3,-14.0096955,33.9372581,Mining,Foodworths Limited,Lilongwe,June,,,,,,
1,"Exporation of Gold at  Matapila area, T/A Mazengera in Lilongwe district",Boundary,4,-13.9927442,33.9371431,Mining,Foodworths Limited,Lilongwe,June,,,,,,
1,"Exporation of Gold at  Matapila area, T/A Mazengera in Lilongwe district",Boundary,5,-13.9927027,33.9338191,Mining,Foodworths Limited,Lilongwe,June,,,,,,
1,"Exporation of Gold at  Matapila area, T/A Mazengera in Lilongwe district",Boundary,6,-13.9927442,33.9371431,Mining,Foodworths Limited,Lilongwe,June,,,,,,
2,"Exploration of Gold, Rutile, Monazite, Illemenite and Graphite in T/A M'bwana and T/A Mkondowe in Usisya, NkhataBay",Boundary,1,-11.130585,34.1525913,Mining,Royal Mining Limited,NkhataBay,March,,,,,,
2,"Exploration of Gold, Rutile, Monazite, Illemenite and Graphite in T/A M'bwana and T/A Mkondowe in Usisya, NkhataBay",Boundary,2,-11.129704,34.093109,Mining,Royal Mining Limited,NkhataBay,March,,,,,,
2,"Exploration of Gold, Rutile, Monazite, Illemenite and Graphite in T/A M'bwana and T/A Mkondowe in Usisya, NkhataBay",Boundary,3,-11.0811461,34.0931114,Mining,Royal Mining Limited,NkhataBay,March,,,,,,
2,"Exploration of Gold, Rutile, Monazite, Illemenite and Graphite in T/A M'bwana and T/A Mkondowe in Usisya, NkhataBay",Boundary,4,-11.0805528,34.1529352,Mining,Royal Mining Limited,NkhataBay,March,,,,,,
3,Construction and Operation of the Area 18 filling station along the presidential dual carriage road in Lilongwe City,Single_point,,-13.9431204,33.7689256,Energy,Palm Investments,Lilongwe City,March,,,,,,
4,"Exploration of Base Metals, Gold, Lithium, Platinum Group Metals, Lead, and Graphite in Lilongwe and Dowa",Boundary,1,-13.6695871,34.0160071,Mining,Yankho Mining Limited,Lilongwe & Dowa,March,,,,,,
4,"Exploration of Base Metals, Gold, Lithium, Platinum Group Metals, Lead, and Graphite in Lilongwe and Dowa",Boundary,2,-13.6782294,34.016229,Mining,Yankho Mining Limited,Lilongwe & Dowa,March,,,,,,
4,"Exploration of Base Metals, Gold, Lithium, Platinum Group Metals, Lead, and Graphite in Lilongwe and Dowa",Boundary,3,-13.6839449,34.0354857,Mining,Yankho Mining Limited,Lilongwe & Dowa,March,,,,,,
4,"Exploration of Base Metals, Gold, Lithium, Platinum Group Metals, Lead, and Graphite in Lilongwe and Dowa",Boundary,4,-13.6839935,34.0497251,Mining,Yankho Mining Limited,Lilongwe & Dowa,March,,,,,,
4,"Exploration of Base Metals, Gold, Lithium, Platinum Group Metals, Lead, and Graphite in Lilongwe and Dowa",Boundary,5,-13.6684686,34.0501186,Mining,Yankho Mining Limited,Lilongwe & Dowa,March,,,,,,
5,Construction and Operation of Mkukula Service Station at Mtengowanthenga in Dowa ,Single_point,,-14.0755656,33.8297129,Energy,Absalom Brian Ndhlovu,Lilongwe,July,,,,,,
6,"Mineral Exploration of Niobium, Graphite and Base Metals in Mzimba and Kasungu Districts",Boundary,1,-12.0671445,33.5114574,Mining,Opooman Limited,Mzimba & Kasungu,June,,,,,,
6,"Mineral Exploration of Niobium, Graphite and Base Metals in Mzimba and Kasungu Districts",Boundary,2,-11.9998502,33.4973569,Mining,Opooman Limited,Mzimba & Kasungu,June,,,,,,
6,"Mineral Exploration of Niobium, Graphite and Base Metals in Mzimba and Kasungu Districts",Boundary,3,-11.9051,33.8886,Mining,Opooman Limited,Mzimba & Kasungu,June,,,,,,
6,"Mineral Exploration of Niobium, Graphite and Base Metals in Mzimba and Kasungu Districts",Boundary,4,-12.1380384,33.6205605,Mining,Opooman Limited,Mzimba & Kasungu,June,,,,,,
6,"Mineral Exploration of Niobium, Graphite and Base Metals in Mzimba and Kasungu Districts",Boundary,5,-12.1234397,33.5902596,Mining,Opooman Limited,Mzimba & Kasungu,June,,,,,,
6,"Mineral Exploration of Niobium, Graphite and Base Metals in Mzimba and Kasungu Districts",Boundary,6,-12.0761437,33.5868595,Mining,Opooman Limited,Mzimba & Kasungu,June,,,,,,
6,"Mineral Exploration of Niobium, Graphite and Base Metals in Mzimba and Kasungu Districts",Boundary,7,-12.0759437,33.5911596,Mining,Opooman Limited,Mzimba & Kasungu,June,,,,,,
6,"Mineral Exploration of Niobium, Graphite and Base Metals in Mzimba and Kasungu Districts",Boundary,8,-12.0503458,33.5866595,Mining,Opooman Limited,Mzimba & Kasungu,June,,,,,,
6,"Mineral Exploration of Niobium, Graphite and Base Metals in Mzimba and Kasungu Districts",Boundary,9,-12.0411466,33.5618588,Mining,Opooman Limited,Mzimba & Kasungu,June,,,,,,
6,"Mineral Exploration of Niobium, Graphite and Base Metals in Mzimba and Kasungu Districts",Boundary,10,-12.0538456,33.5200576,Mining,Opooman Limited,Mzimba & Kasungu,June,,,,,,
7,"B11 Recreation Building, Area 32 in Lilongwe",Single_point,,-13.9506205,33.7749072,Construction,Association of Jehovah's witness of Malawi,Lilongwe,July,,,,,,
8,"Exploration of Titanium Minerals, Zircon, Graphite, Rare Earth Minerals and Kyanite at Kampini Area under TA Chingala Lilongwe",Boundary,1,-14.2143557,33.6267987,Mining,Ice Breaker Limited,Lilongwe,July,,,,,,
8,"Exploration of Titanium Minerals, Zircon, Graphite, Rare Earth Minerals and Kyanite at Kampini Area under TA Chingala Lilongwe",Boundary,2,-14.2667203,33.6547541,Mining,Ice Breaker Limited,Lilongwe,July,,,,,,
8,"Exploration of Titanium Minerals, Zircon, Graphite, Rare Earth Minerals and Kyanite at Kampini Area under TA Chingala Lilongwe",Boundary,3,-14.3062047,33.7550042,Mining,Ice Breaker Limited,Lilongwe,July,,,,,,
8,"Exploration of Titanium Minerals, Zircon, Graphite, Rare Earth Minerals and Kyanite at Kampini Area under TA Chingala Lilongwe",Boundary,4,-14.362125,33.7959969,Mining,Ice Breaker Limited,Lilongwe,July,,,,,,
8,"Exploration of Titanium Minerals, Zircon, Graphite, Rare Earth Minerals and Kyanite at Kampini Area under TA Chingala Lilongwe",Boundary,5,-14.4304899,33.8927168,Mining,Ice Breaker Limited,Lilongwe,July,,,,,,
8,"Exploration of Titanium Minerals, Zircon, Graphite, Rare Earth Minerals and Kyanite at Kampini Area under TA Chingala Lilongwe",Boundary,6,-14.4992191,33.8874237,Mining,Ice Breaker Limited,Lilongwe,July,,,,,,
8,"Exploration of Titanium Minerals, Zircon, Graphite, Rare Earth Minerals and Kyanite at Kampini Area under TA Chingala Lilongwe",Boundary,7,-14.4029058,34.0076209,Mining,Ice Breaker Limited,Lilongwe,July,,,,,,
8,"Exploration of Titanium Minerals, Zircon, Graphite, Rare Earth Minerals and Kyanite at Kampini Area under TA Chingala Lilongwe",Boundary,8,-14.3508047,33.925784,Mining,Ice Breaker Limited,Lilongwe,July,,,,,,
8,"Exploration of Titanium Minerals, Zircon, Graphite, Rare Earth Minerals and Kyanite at Kampini Area under TA Chingala Lilongwe",Boundary,9,-14.2465105,33.7622207,Mining,Ice Breaker Limited,Lilongwe,July,,,,,,
8,"Exploration of Titanium Minerals, Zircon, Graphite, Rare Earth Minerals and Kyanite at Kampini Area under TA Chingala Lilongwe",Boundary,10,-14.1996291,33.7194335,Mining,Ice Breaker Limited,Lilongwe,July,,,,,,
8,"Exploration of Titanium Minerals, Zircon, Graphite, Rare Earth Minerals and Kyanite at Kampini Area under TA Chingala Lilongwe",Boundary,11,-14.2143557,33.6267987,Mining,Ice Breaker Limited,Lilongwe,July,,,,,,
9,Exploration of Coal at TA Kyungu Area in Karonga District,Boundary,1,-10.0865118,33.7666916,Mining,Amknown Dangote Limited,Karonga,March,,,,,,
9,Exploration of Coal at TA Kyungu Area in Karonga District,Boundary,2,-10.0886294,33.8509851,Mining,Amknown Dangote Limited,Karonga,March,,,,,,
9,Exploration of Coal at TA Kyungu Area in Karonga District,Boundary,3,-10.1819097,33.8455441,Mining,Amknown Dangote Limited,Karonga,March,,,,,,
9,Exploration of Coal at TA Kyungu Area in Karonga District,Boundary,4,-10.1819904,33.8137491,Mining,Amknown Dangote Limited,Karonga,March,,,,,,
9,Exploration of Coal at TA Kyungu Area in Karonga District,Boundary,5,-10.1730572,33.8093265,Mining,Amknown Dangote Limited,Karonga,March,,,,,,
9,Exploration of Coal at TA Kyungu Area in Karonga District,Boundary,6,-10.1666403,33.7701042,Mining,Amknown Dangote Limited,Karonga,March,,,,,,
9,Exploration of Coal at TA Kyungu Area in Karonga District,Boundary,7,-10.1594518,33.7657237,Mining,Amknown Dangote Limited,Karonga,March,,,,,,
9,Exploration of Coal at TA Kyungu Area in Karonga District,Boundary,8,-10.1630633,33.7526971,Mining,Amknown Dangote Limited,Karonga,March,,,,,,
9,Exploration of Coal at TA Kyungu Area in Karonga District,Boundary,9,-10.1228457,33.7527036,Mining,Amknown Dangote Limited,Karonga,March,,,,,,
9,Exploration of Coal at TA Kyungu Area in Karonga District,Boundary,10,-10.1225133,33.7673793,Mining,Amknown Dangote Limited,Karonga,March,,,,,,
10,Construction and Operation of TA Service Station at Chikalusa Village TA Chadza in Lilongwe,Single_point,,-14.0894444,33.8741667,Energy,Mr Anold Makoni,Lilongwe,March,*,,,,,
11,Diesel Storage Facility at Chiendausiku Campsite in Balaka,Single_point,,-15.0086528,35.0695599,Energy,Jiangxi Engineering (Group) Corporation Limited,Balaka,July,*,,,,,
12,Exploration Of Lithium and Pegmatite in TA Msamala in Balaka District,Boundary,1,-15.0997459,35.03359,Mining,"AVRO International Limited, Minach Trading",Balaka,June,,,,,,
12,Exploration Of Lithium and Pegmatite in TA Msamala in Balaka District,Boundary,2,-15.1124818,35.0461752,Mining,"AVRO International Limited, Minach Trading",Balaka,June,,,,,,
12,Exploration Of Lithium and Pegmatite in TA Msamala in Balaka District,Boundary,3,-15.1543053,35.0145734,Mining,"AVRO International Limited, Minach Trading",Balaka,June,,,,,,
12,Exploration Of Lithium and Pegmatite in TA Msamala in Balaka District,Boundary,4,-15.1345715,34.9991585,Mining,"AVRO International Limited, Minach Trading",Balaka,June,,,,,,
13,"Exploration for Base Metals, Lead and Graphite in Lilongwe District",Boundary,1,-13.6769451,33.9939916,Mining,Africa Drilling Mining Limited,Lilongwe,July,,,,,,
13,"Exploration for Base Metals, Lead and Graphite in Lilongwe District",Boundary,2,-13.7039586,34.0928349,Mining,Africa Drilling Mining Limited,Lilongwe,July,,,,,,
13,"Exploration for Base Metals, Lead and Graphite in Lilongwe District",Boundary,3,-13.7041949,34.0925493,Mining,Africa Drilling Mining Limited,Lilongwe,July,,,,,,
13,"Exploration for Base Metals, Lead and Graphite in Lilongwe District",Boundary,4,-13.7316405,33.9991416,Mining,Africa Drilling Mining Limited,Lilongwe,July,,,,,,
13,"Exploration for Base Metals, Lead and Graphite in Lilongwe District",Boundary,5,-13.7896442,33.9909421,Mining,Africa Drilling Mining Limited,Lilongwe,July,,,,,,
13,"Exploration for Base Metals, Lead and Graphite in Lilongwe District",Boundary,6,-13.7894409,33.98528,Mining,Africa Drilling Mining Limited,Lilongwe,July,,,,,,
14,Construction and Operation of Dzumila Filling Station Along the M1 Road in Chikwawa District ,Single_point, ,-16.1317222,34.8425833,Energy,Mbesa Kodo,Chikwawa,July,,,,,,
15,"Exploration of Gold, Titanium, Base Metals, Graphite, Lithium and Other Related Metals in TA Kambwiri in Salima District",Boundary,,,,Mining,Tiyuni Holdings Ltd,Salima,July,,,,,,
,,,,,,,,,,,,,,,
16,"Construction of Marshall Lodge, Chapima Heights, Blantyre City",Singe_point,,-15.7578574,35.0139124,Construction,Chimwemwe & Elizabeth Mafeni,Blantyre,May,,,,,,
17,Exploration of Heavy Mineral Sands at Lake Chilwa and Chisi Island in Zomba District,Singe_point,,-15.25,35.75,Mining,Chilwa Minerals Africa Ltd,Zomba,March,,,,,,
18,"Construction and Operation of Bwengu Mank Servive Station at Bwengu, Mzimba District",Singe_point,,-11.0546194,35.9220889,Energy,Mank Investments,Mzimba,June,,,,,,
19,Exploration of Graphite and Galena at TA Chimutu Area in Lilongwe District,Boundary,1,-13.749506,33.8879841,Mining,Star Mining Ltd,Lilongwe,June,,,,,,
19,Exploration of Graphite and Galena at TA Chimutu Area in Lilongwe District,Boundary,2,-13.74937,33.9249799,Mining,Star Mining Ltd,Lilongwe,June,,,,,,
19,Exploration of Graphite and Galena at TA Chimutu Area in Lilongwe District,Boundary,3,-13.862382,33.9254255,Mining,Star Mining Ltd,Lilongwe,June,,,,,,
19,Exploration of Graphite and Galena at TA Chimutu Area in Lilongwe District,Boundary,4,-13.8625192,33.8884119,Mining,Star Mining Ltd,Lilongwe,June,,,,,,
20,"Operation of Mtambo Borrow Pit at Mtambo Village, TA Kabudula in Lilongwe District",Boundary,1,-13.9018114,33.6593855,Construction,PLEM Construction Ltd,Lilongwe,March,,,,,,
20,"Operation of Mtambo Borrow Pit at Mtambo Village, TA Kabudula in Lilongwe District, Plot 1",Boundary,2,-13.9018355,33.6596476,Construction,PLEM Construction Ltd,Lilongwe,March,,,,,,
20,"Operation of Mtambo Borrow Pit at Mtambo Village, TA Kabudula in Lilongwe District, Plot 1",Boundary,3,-13.9030106,33.6599351,Construction,PLEM Construction Ltd,Lilongwe,March,,,,,,
20,"Operation of Mtambo Borrow Pit at Mtambo Village, TA Kabudula in Lilongwe District, Plot 1",Boundary,4,-13.9029051,33.659341,Construction,PLEM Construction Ltd,Lilongwe,March,,,,,,
20,"Operation of Mtambo Borrow Pit at Mtambo Village, TA Kabudula in Lilongwe District, Plot 1",Boundary,1,-13.9032882,33.6581848,Construction,PLEM Construction Ltd,Lilongwe,March,,,,,,
20,"Operation of Mtambo Borrow Pit at Mtambo Village, TA Kabudula in Lilongwe District, Plot 2",Boundary,2,-13.9032056,33.6592964,Construction,PLEM Construction Ltd,Lilongwe,March,,,,,,
20,"Operation of Mtambo Borrow Pit at Mtambo Village, TA Kabudula in Lilongwe District, Plot 2",Boundary,3,-13.9028127,33.6593282,Construction,PLEM Construction Ltd,Lilongwe,March,,,,,,
20,"Operation of Mtambo Borrow Pit at Mtambo Village, TA Kabudula in Lilongwe District, Plot 2",Boundary,4,-13.9028003,33.6578984,Construction,PLEM Construction Ltd,Lilongwe,March,,,,,,
21,"Exploration of Base Metals, Lead, Lithium and Manganese in TA Chimutu in Lilongwe and TA Chiwere in Dowa District",Boundary,1,-13.8522321,33.9781276,Mining,Truestone Mineral Processing Ltd,Lilongwe & Dowa,March,,,,,,
21,"Exploration of Base Metals, Lead, Lithium and Manganese in TA Chimutu in Lilongwe and TA Chiwere in Dowa District",Boundary,2,-13.8016036,33.9779162,Mining,Truestone Mineral Processing Ltd,Lilongwe & Dowa,March,,,,,,
21,"Exploration of Base Metals, Lead, Lithium and Manganese in TA Chimutu in Lilongwe and TA Chiwere in Dowa District",Boundary,3,-13.8015925,33.9806915,Mining,Truestone Mineral Processing Ltd,Lilongwe & Dowa,March,,,,,,
21,"Exploration of Base Metals, Lead, Lithium and Manganese in TA Chimutu in Lilongwe and TA Chiwere in Dowa District",Boundary,4,-13.7925517,33.9806537,Mining,Truestone Mineral Processing Ltd,Lilongwe & Dowa,March,,,,,,
21,"Exploration of Base Metals, Lead, Lithium and Manganese in TA Chimutu in Lilongwe and TA Chiwere in Dowa District",Boundary,5,-13.7925627,33.9778786,Mining,Truestone Mineral Processing Ltd,Lilongwe & Dowa,March,,,,,,
21,"Exploration of Base Metals, Lead, Lithium and Manganese in TA Chimutu in Lilongwe and TA Chiwere in Dowa District",Boundary,6,-13.6609228,33.8821041,Mining,Truestone Mineral Processing Ltd,Lilongwe & Dowa,March,,,,,,
21,"Exploration of Base Metals, Lead, Lithium and Manganese in TA Chimutu in Lilongwe and TA Chiwere in Dowa District",Boundary,7,-13.6026121,34.0002016,Mining,Truestone Mineral Processing Ltd,Lilongwe & Dowa,March,,,,,,
21,"Exploration of Base Metals, Lead, Lithium and Manganese in TA Chimutu in Lilongwe and TA Chiwere in Dowa District",Boundary,8,-13.8522217,33.9807184,Mining,Truestone Mineral Processing Ltd,Lilongwe & Dowa,March,,,,,,
22,Waste Management Plan for Cookstove Manufacturing & Distribution at Njuli in Chiradzulu District,Boundary,,-15.677855,35.135742,Energy,Burn Manufacturing Ltd,Chiradzulu,July,,,,,,
23,"Exploration of Base Metals, Galena, Lithium, Columbite, Zinc, Nickel and Manganese in TA Kasakula in Ntchisi District",Boundary,1,-13.4658301,33.9699771,Mining,Truestone Mineral Processing Ltd,Ntchisi,March,,,,,,
23,"Exploration of Base Metals, Galena, Lithium, Columbite, Zinc, Nickel and Manganese in TA Kasakula in Ntchisi District",Boundary,2,-13.4731054,34.0007048,Mining,Truestone Mineral Processing Ltd,Ntchisi,March,,,,,,
23,"Exploration of Base Metals, Galena, Lithium, Columbite, Zinc, Nickel and Manganese in TA Kasakula in Ntchisi District",Boundary,3,-13.4960233,34.0010404,Mining,Truestone Mineral Processing Ltd,Ntchisi,March,,,,,,
23,"Exploration of Base Metals, Galena, Lithium, Columbite, Zinc, Nickel and Manganese in TA Kasakula in Ntchisi District",Boundary,4,-13.5103868,33.9834804,Mining,Truestone Mineral Processing Ltd,Ntchisi,March,,,,,,
23,"Exploration of Base Metals, Galena, Lithium, Columbite, Zinc, Nickel and Manganese in TA Kasakula in Ntchisi District",Boundary,5,-13.5062006,33.9696041,Mining,Truestone Mineral Processing Ltd,Ntchisi,March,,,,,,
23,"Exploration of Base Metals, Galena, Lithium, Columbite, Zinc, Nickel and Manganese in TA Kasakula in Ntchisi District",Boundary,6,-13.5061965,33.96127,Mining,Truestone Mineral Processing Ltd,Ntchisi,March,,,,,,
23,"Exploration of Base Metals, Galena, Lithium, Columbite, Zinc, Nickel and Manganese in TA Kasakula in Ntchisi District",Boundary,7,-13.4850752,33.9615274,Mining,Truestone Mineral Processing Ltd,Ntchisi,March,,,,,,
23,"Exploration of Base Metals, Galena, Lithium, Columbite, Zinc, Nickel and Manganese in TA Kasakula in Ntchisi District",Boundary,8,-13.4850607,33.9700084,Mining,Truestone Mineral Processing Ltd,Ntchisi,March,,,,,,
24,"Exploration of Niobium, Tantalum, Titamium, Graphite, Zircon, Gold, Monazite and Base Metals at TA Simlemba Area in Kasungu District",Boundary,1,-12.7314077,33.5472682,Mining,Dew Mining Limited,Kasungu,June,,,,,,
24,"Exploration of Niobium, Tantalum, Titamium, Graphite, Zircon, Gold, Monazite and Base Metals at TA Simlemba Area in Kasungu District",Boundary,2,-12.7158333,33.6377306,Mining,Dew Mining Limited,Kasungu,June,,,,,,
24,"Exploration of Niobium, Tantalum, Titamium, Graphite, Zircon, Gold, Monazite and Base Metals at TA Simlemba Area in Kasungu District",Boundary,3,-12.7598715,33.6407334,Mining,Dew Mining Limited,Kasungu,June,,,,,,
24,"Exploration of Niobium, Tantalum, Titamium, Graphite, Zircon, Gold, Monazite and Base Metals at TA Simlemba Area in Kasungu District",Boundary,4,-12.7704196,33.5840926,Mining,Dew Mining Limited,Kasungu,June,,,,,,
24,"Exploration of Niobium, Tantalum, Titamium, Graphite, Zircon, Gold, Monazite and Base Metals at TA Simlemba Area in Kasungu District",Boundary,5,-12.7631443,33.5823347,Mining,Dew Mining Limited,Kasungu,June,,,,,,
24,"Exploration of Niobium, Tantalum, Titamium, Graphite, Zircon, Gold, Monazite and Base Metals at TA Simlemba Area in Kasungu District",Boundary,6,-12.7644297,33.5522402,Mining,Dew Mining Limited,Kasungu,June,,,,,,
25,"Exploration for Graphite, Lead, Platinum Group of Metals, Base Elements within Lilongwe and Dowa District",Boundary,1,-13.6947017,33.4995556,Mining,East Africa Mining Limited,Lilongwe & Dowa,July,,,,,,
25,"Exploration for Graphite, Lead, Platinum Group of Metals, Base Elements within Lilongwe and Dowa District",Boundary,2,-13.7854221,33.5366879,Mining,East Africa Mining Limited,Lilongwe & Dowa,July,,,,,,
25,"Exploration for Graphite, Lead, Platinum Group of Metals, Base Elements within Lilongwe and Dowa District",Boundary,3,-14.0287745,33.4789239,Mining,East Africa Mining Limited,Lilongwe & Dowa,July,,,,,,
25,"Exploration for Graphite, Lead, Platinum Group of Metals, Base Elements within Lilongwe and Dowa District",Boundary,4,-13.9982996,33.4672306,Mining,East Africa Mining Limited,Lilongwe & Dowa,July,,,,,,
25,"Exploration for Graphite, Lead, Platinum Group of Metals, Base Elements within Lilongwe and Dowa District",Boundary,5,-13.9839854,33.4630999,Mining,East Africa Mining Limited,Lilongwe & Dowa,July,,,,,,
25,"Exploration for Graphite, Lead, Platinum Group of Metals, Base Elements within Lilongwe and Dowa District",Boundary,6,-13.9839854,33.4630999,Mining,East Africa Mining Limited,Lilongwe & Dowa,July,,,,,,
25,"Exploration for Graphite, Lead, Platinum Group of Metals, Base Elements within Lilongwe and Dowa District",Boundary,7,-13.7491243,33.4908372,Mining,East Africa Mining Limited,Lilongwe & Dowa,July,,,,,,
26,"Exploration for Base Metals, Lead and Graphite Within TA Chiwere and TA Mkukula in Dowa District and a Small Part of TA Chimutu in Lilongwe District",Boundary,1,-13.904246,33.4073124,Mining,Africa Drilling Mining Limited,Lilongwe & Dowa,July,,,,,,
26,"Exploration for Base Metals, Lead and Graphite Within TA Chiwere and TA Mkukula in Dowa District and a Small Part of TA Chimutu in Lilongwe District",Boundary,2,-13.9367544,33.4162471,Mining,Africa Drilling Mining Limited,Lilongwe & Dowa,July,,,,,,
26,"Exploration for Base Metals, Lead and Graphite Within TA Chiwere and TA Mkukula in Dowa District and a Small Part of TA Chimutu in Lilongwe District",Boundary,3,-13.9510816,33.4441204,Mining,Africa Drilling Mining Limited,Lilongwe & Dowa,July,,,,,,
26,"Exploration for Base Metals, Lead and Graphite Within TA Chiwere and TA Mkukula in Dowa District and a Small Part of TA Chimutu in Lilongwe District",Boundary,4,-13.9230976,33.4076786,Mining,Africa Drilling Mining Limited,Lilongwe & Dowa,July,,,,,,
27,"Exploration of Aluminium, Copper, Graphite, Lead, Nickel, Niobium, Platinum, Rare Earth Elements, Rutile, Silver, Titanium and Zinc in TA Chiseka and Kalolo in Lilongwe District",Boundary,1,-14.1792971,33.5896443,Mining,Alphastone Mining Cooperation Limited,Lilongwe,March,,,,,,
27,"Exploration of Aluminium, Copper, Graphite, Lead, Nickel, Niobium, Platinum, Rare Earth Elements, Rutile, Silver, Titanium and Zinc in TA Chiseka and Kalolo in Lilongwe District",Boundary,2,-14.0885285,33.4116665,Mining,Alphastone Mining Cooperation Limited,Lilongwe,March,,,,,,
27,"Exploration of Aluminium, Copper, Graphite, Lead, Nickel, Niobium, Platinum, Rare Earth Elements, Rutile, Silver, Titanium and Zinc in TA Chiseka and Kalolo in Lilongwe District",Boundary,3,-14.1194898,33.5095747,Mining,Alphastone Mining Cooperation Limited,Lilongwe,March,,,,,,
27,"Exploration of Aluminium, Copper, Graphite, Lead, Nickel, Niobium, Platinum, Rare Earth Elements, Rutile, Silver, Titanium and Zinc in TA Chiseka and Kalolo in Lilongwe District",Boundary,4,-14.1284891,33.5373338,Mining,Alphastone Mining Cooperation Limited,Lilongwe,March,,,,,,
27,"Exploration of Aluminium, Copper, Graphite, Lead, Nickel, Niobium, Platinum, Rare Earth Elements, Rutile, Silver, Titanium and Zinc in TA Chiseka and Kalolo in Lilongwe District",Boundary,5,-14.1375034,33.5913154,Mining,Alphastone Mining Cooperation Limited,Lilongwe,March,,,,,,
28,Exploration of Uranium at TA Chapanaga in Chikwawa District,Boundary,1,-14.9460169,35.3999157,Mining,"Avro International Limited, Minarch Trading",Chikwawa,March,,,,,,
28,Exploration of Uranium at TA Chapanaga in Chikwawa District,Boundary,2,-14.9549682,35.5305524,Mining,"Avro International Limited, Minarch Trading",Chikwawa,March,,,,,,
28,Exploration of Uranium at TA Chapanaga in Chikwawa District,Boundary,3,-14.9960963,35.4714996,Mining,"Avro International Limited, Minarch Trading",Chikwawa,March,,,,,,
28,Exploration of Uranium at TA Chapanaga in Chikwawa District,Boundary,4,-14.9781844,35.4062681,Mining,"Avro International Limited, Minarch Trading",Chikwawa,March,,,,,,
29,Exploration  of Uranium and Coal in Karonga and Chitipa Districts TA Mwakaboko & Misuku,Boundary,1,-9.6277526,33.6438986,Mining,"Avro International Limited, Minarch Trading",Karonga & Chitipa,March,,,,,,
29,Exploration  of Uranium and Coal in Karonga and Chitipa Districts TA Mwakaboko & Misuku,Boundary,2,-9.6396228,33.6608185,Mining,"Avro International Limited, Minarch Trading",Karonga & Chitipa,,,,,,,
29,Exploration  of Uranium and Coal in Karonga and Chitipa Districts TA Mwakaboko & Misuku,Boundary,3,-9.6504566,33.6566835,Mining,"Avro International Limited, Minarch Trading",Karonga & Chitipa,,,,,,,
29,Exploration  of Uranium and Coal in Karonga and Chitipa Districts TA Mwakaboko & Misuku,Boundary,4,-9.6503613,33.6497473,Mining,"Avro International Limited, Minarch Trading",Karonga & Chitipa,,,,,,,
30,Construction and Operation of Akuloa Fuel Service Station at Kalinde Village in Salima,Singe_point,,,,Energy,Akuloa Service Station,Salima,June,,,,,,
31,Exploration of Rare Earth Elements at TA Malemia and Kumutumanji in Zomba District,Boundary,1,-15.2386066,35.384045,Mining,"Baze International Limited, Minarch Trading",Zomba,March,,,,,,
31,Exploration of Rare Earth Elements at TA Malemia and Kumutumanji in Zomba District,Boundary,2,-15.2687549,35.4533907,Mining,"Baze International Limited, Minarch Trading",Zomba,March,,,,,,
31,Exploration of Rare Earth Elements at TA Malemia and Kumutumanji in Zomba District,Boundary,3,-15.2750413,35.4559671,Mining,"Baze International Limited, Minarch Trading",Zomba,March,,,, ,,8
31,Exploration of Rare Earth Elements at TA Malemia and Kumutumanji in Zomba District,Boundary,4,-15.2828317,35.3922783,Mining,"Baze International Limited, Minarch Trading",Zomba,March,,,,,,
32,Exploration of Uranium and Rare Earth Elements at TA Kameme in Chitipa District,Boundary,1,-9.6277526,33.6438986,Mining,"Avro International Limited, Minarch Trading",Chitipa,March,,,,,,
32,Exploration of Uranium and Rare Earth Elements at TA Kameme in Chitipa District,,2,-9.6231767,33.6532678,Mining,"Avro International Limited, Minarch Trading",Chitipa,March,,,,,,
32,Exploration of Uranium and Rare Earth Elements at TA Kameme in Chitipa District,,3,-9.6504566,33.6566835,Mining,"Avro International Limited, Minarch Trading",Chitipa,March,,,,,,
32,Exploration of Uranium and Rare Earth Elements at TA Kameme in Chitipa District,,4,-9.6503613,33.6497473,Mining,"Avro International Limited, Minarch Trading",Chitipa,March,,,,,,
33,"Exploration of Gold, Lithium, Quartz, Tourmaline, Base Metals, Mica, Rare Earth Elements in Nkhotakota and Mzimba District",Boundary,1,-12.5762598,34.0400978,Mining,Cutting Edge Limited,Nkhotakota & Mzimba,March,,,,,,
33,"Exploration of Gold, Lithium, Quartz, Tourmaline, Base Metals, Mica, Rare Earth Elements in Nkhotakota and Mzimba District",Boundary,2,-12.5804009,34.0447261,Mining,Cutting Edge Limited,Nkhotakota & Mzimba,March,,,,,,
33,"Exploration of Gold, Lithium, Quartz, Tourmaline, Base Metals, Mica, Rare Earth Elements in Nkhotakota and Mzimba District",Boundary,3,-12.5762897,34.0555712,Mining,Cutting Edge Limited,Nkhotakota & Mzimba,March,,,,,,
33,"Exploration of Gold, Lithium, Quartz, Tourmaline, Base Metals, Mica, Rare Earth Elements in Nkhotakota and Mzimba District",Boundary,4,-12.5731399,34.0587063,Mining,Cutting Edge Limited,Nkhotakota & Mzimba,March,,,,,,
34,"Small Scale Mining of Agate, Gold, Malachite, Opal and Zircon at TA Chapananga in Chikwawa District",Boundary,1,,,Mining,Mr Philip Kamoto,Chikwawa,June,,,,,,
34,"Small Scale Mining of Agate, Gold, Malachite, Opal and Zircon at TA Chapananga in Chikwawa District",Boundary,2,,,Mining,Mr Philip Kamoto,Chikwawa,June,,,,,,
34,"Small Scale Mining of Agate, Gold, Malachite, Opal and Zircon at TA Chapananga in Chikwawa District",Boundary,3,,,Mining,Mr Philip Kamoto,Chikwawa,June,,,,,,
34,"Small Scale Mining of Agate, Gold, Malachite, Opal and Zircon at TA Chapananga in Chikwawa District",Boundary,4,,,Mining,Mr Philip Kamoto,Chikwawa,June,,,,,,
